[{"model": "API.playerclass", "pk": 1, "fields": {"name": "Mage"}}, {"model": "API.playerclass", "pk": 2, "fields": {"name": "Knight"}}, {"model": "API.playerclass", "pk": 3, "fields": {"name": "Thief"}}, {"model": "API.skill", "pk": 1, "fields": {"name": "Basic Attack", "effect": "{\"type\": \"damage\", \"dmg_type\":1, \"power\": 30}", "description": "A basic weapon attack. Deals low physical damage.", "range": "F1", "anim_id": 1, "level_req": 1, "job_req": null}}, {"model": "API.skill", "pk": 2, "fields": {"name": "Fireball", "effect": "{\"type\": \"damage\", \"dmg_type\":2, \"power\": 60}", "description": "The User hurls a ball of flames at a distance, causing magic damage.", "range": "F3,F2,F4,F3L1,F3R1", "anim_id": 2, "level_req": 1, "job_req": 1}}, {"model": "API.item", "pk": 1, "fields": {"name": "Mage's Hat", "type": 2, "wpn_type": 0, "price": 100, "stats": "{}"}}, {"model": "API.item", "pk": 2, "fields": {"name": "Mage's Robe", "type": 3, "wpn_type": 0, "price": 100, "stats": "{}"}}, {"model": "API.item", "pk": 3, "fields": {"name": "Knight's Helm", "type": 2, "wpn_type": 0, "price": 100, "stats": "{}"}}, {"model": "API.item", "pk": 4, "fields": {"name": "Knight's Armor", "type": 3, "wpn_type": 0, "price": 100, "stats": "{}"}}, {"model": "API.item", "pk": 5, "fields": {"name": "Thief's Hat", "type": 2, "wpn_type": 0, "price": 100, "stats": "{}"}}, {"model": "API.item", "pk": 6, "fields": {"name": "Thief's Clothes", "type": 3, "wpn_type": 0, "price": 100, "stats": "{}"}}, {"model": "API.item", "pk": 7, "fields": {"name": "Mage's Staff", "type": 1, "wpn_type": 5, "price": 100, "stats": "{}"}}, {"model": "API.item", "pk": 8, "fields": {"name": "Thief's Daggers", "type": 1, "wpn_type": 2, "price": 100, "stats": "{}"}}, {"model": "API.item", "pk": 9, "fields": {"name": "Knight's Sword", "type": 1, "wpn_type": 1, "price": 100, "stats": "{\"atk\": 10, \"matk\": 0}"}}, {"model": "API.iteminstance", "pk": 20, "fields": {"item": 1, "owner": 3, "equipped": true, "cosmetic": false, "extra_slot": false}}, {"model": "API.iteminstance", "pk": 21, "fields": {"item": 2, "owner": 3, "equipped": true, "cosmetic": false, "extra_slot": false}}, {"model": "API.iteminstance", "pk": 22, "fields": {"item": 7, "owner": 3, "equipped": true, "cosmetic": false, "extra_slot": false}}, {"model": "API.iteminstance", "pk": 24, "fields": {"item": 8, "owner": 3, "equipped": false, "cosmetic": false, "extra_slot": false}}, {"model": "API.iteminstance", "pk": 25, "fields": {"item": 9, "owner": 3, "equipped": false, "cosmetic": true, "extra_slot": false}}, {"model": "API.iteminstance", "pk": 35, "fields": {"item": 3, "owner": 4, "equipped": true, "cosmetic": false, "extra_slot": false}}, {"model": "API.iteminstance", "pk": 36, "fields": {"item": 4, "owner": 4, "equipped": true, "cosmetic": false, "extra_slot": false}}, {"model": "API.iteminstance", "pk": 37, "fields": {"item": 9, "owner": 4, "equipped": true, "cosmetic": false, "extra_slot": false}}, {"model": "API.iteminstance", "pk": 38, "fields": {"item": 3, "owner": 3, "equipped": false, "cosmetic": false, "extra_slot": false}}, {"model": "API.iteminstance", "pk": 39, "fields": {"item": 4, "owner": 3, "equipped": false, "cosmetic": false, "extra_slot": false}}, {"model": "API.iteminstance", "pk": 42, "fields": {"item": 1, "owner": 5, "equipped": true, "cosmetic": false, "extra_slot": false}}, {"model": "API.iteminstance", "pk": 43, "fields": {"item": 2, "owner": 5, "equipped": true, "cosmetic": false, "extra_slot": false}}, {"model": "API.iteminstance", "pk": 44, "fields": {"item": 7, "owner": 5, "equipped": true, "cosmetic": false, "extra_slot": false}}, {"model": "API.quest", "pk": 1, "fields": {"name": "First Quest", "description": "Lorem ipsum dolor sit amet, consectetur adipiscing elit. In eu tellus rutrum velit porttitor interdum. Integer ultrices egestas neque quis convallis. Curabitur egestas lorem in semper porta. In ut urna molestie, sagittis dolor sit amet, cursus metus. Quisque eu risus blandit, volutpat mi eget, pellentesque neque. Phasellus pharetra, urna non consectetur suscipit, ante ligula molestie dolor, sed mattis sem augue a purus. Nunc vel posuere lacus, ut viverra mauris. Nullam semper ornare sagittis. Pellentesque ac vestibulum risus. Praesent dignissim blandit orci eu suscipit. Aliquam erat volutpat. Vestibulum blandit libero ac eros ullamcorper, eget laoreet tortor pharetra. Orci varius natoque penatibus.", "base_energy": 10, "diff_modifier": 10, "map_id": 1}}, {"model": "API.questinstance", "pk": 43, "fields": {"quest": 1, "difficulty": 1, "active": false, "cleared": true, "players": [3]}}, {"model": "API.questinstance", "pk": 46, "fields": {"quest": 1, "difficulty": 2, "active": true, "cleared": false, "players": [3]}}, {"model": "API.task", "pk": 26, "fields": {"name": "Study Calculus", "description": "boring...", "type": 2, "owner": 3}}, {"model": "API.task", "pk": 27, "fields": {"name": "Week Schoolwork", "description": "Homework, projects, etc.", "type": 3, "owner": 3}}, {"model": "API.task", "pk": 29, "fields": {"name": "Monthly Stuff", "description": "...", "type": 4, "owner": 3}}, {"model": "API.task", "pk": 30, "fields": {"name": "Programming Project", "description": "", "type": 1, "owner": 3}}, {"model": "API.task", "pk": 31, "fields": {"name": "Coisa", "description": "...", "type": 2, "owner": 3}}, {"model": "API.taskinstance", "pk": 33, "fields": {"task": 26, "finished": "2020-08-12T19:50:26.987", "disabled": false, "created": "2020-08-12T19:50:24.565", "deadline": "2020-08-13T00:00:00"}}, {"model": "API.taskinstance", "pk": 34, "fields": {"task": 26, "finished": "2020-08-21T10:22:00.366", "disabled": false, "created": "2020-08-12T19:50:27.007", "deadline": "2020-08-22T00:00:00"}}, {"model": "API.taskinstance", "pk": 35, "fields": {"task": 27, "finished": "2020-08-12T19:51:23.570", "disabled": false, "created": "2020-08-12T19:51:17.940", "deadline": "2020-08-17T00:00:00"}}, {"model": "API.taskinstance", "pk": 36, "fields": {"task": 27, "finished": null, "disabled": false, "created": "2020-08-12T19:51:23.582", "deadline": "2020-09-21T00:00:00"}}, {"model": "API.taskinstance", "pk": 38, "fields": {"task": 29, "finished": null, "disabled": false, "created": "2020-08-12T19:54:54.041", "deadline": "2020-10-01T00:00:00"}}, {"model": "API.taskinstance", "pk": 39, "fields": {"task": 30, "finished": "2020-08-12T19:55:48.982", "disabled": false, "created": "2020-08-12T19:55:48.982", "deadline": "2020-08-12T19:55:49.982"}}, {"model": "API.taskinstance", "pk": 40, "fields": {"task": 31, "finished": null, "disabled": false, "created": "2020-08-21T10:20:56.753", "deadline": "2020-09-17T00:00:00"}}, {"model": "API.taskinstance", "pk": 41, "fields": {"task": 26, "finished": null, "disabled": false, "created": "2020-08-21T10:22:00.414", "deadline": "2020-09-17T00:00:00"}}, {"model": "API.taskreview", "pk": 6, "fields": {"task": 33, "positive": true, "reviewer": 4}}, {"model": "API.taskreview", "pk": 7, "fields": {"task": 34, "positive": false, "reviewer": 4}}, {"model": "API.taskreview", "pk": 8, "fields": {"task": 35, "positive": true, "reviewer": 4}}, {"model": "API.taskreview", "pk": 9, "fields": {"task": 39, "positive": true, "reviewer": 4}}, {"model": "API.semester", "pk": 1, "fields": {"name": "2020/2"}}, {"model": "API.subject", "pk": 1, "fields": {"name": "Calculus"}}, {"model": "API.score", "pk": 1, "fields": {"name": "Calculus Test", "score": 25, "max": 30, "owner": 3, "active": true, "claimed": true, "subject": 1, "semester": 1}}]